id,first_name,last_name,email,gender,ip_address
1,Guenna,Pierrepoint,gpierrepoint0@printfriendly.com,Female,84.238.101.183
2,Jamie,Greiser,jgreiser1@vimeo.com,Polygender,253.23.211.160
3,Lazar,Rosenbush,lrosenbush2@yellowpages.com,Genderfluid,251.38.26.148
4,Ellswerth,Ginnelly,eginnelly3@amazon.co.jp,Male,199.129.162.200
5,Carroll,Gabitis,cgabitis4@howstuffworks.com,Male,113.42.215.192
6,Dido,Bentote,dbentote5@techcrunch.com,Female,149.231.137.212
7,Aldon,Starking,astarking6@seesaa.net,Male,235.55.252.234
8,Edmund,Duiged,eduiged7@sun.com,Male,2.80.219.112
9,Tammy,Antonowicz,tantonowicz8@mashable.com,Non-binary,7.151.232.174
10,Cheri,Kilkenny,ckilkenny9@symantec.com,Female,116.74.15.125
11,Amara,Wardingly,awardinglya@prnewswire.com,Female,202.76.61.39
12,Perice,Gomez,pgomezb@google.com.br,Male,109.59.225.56
13,Elwira,Pleming,eplemingc@weather.com,Female,173.50.252.223
14,Clem,Klimus,cklimusd@cnet.com,Male,49.239.119.197
15,Ragnar,Yurov,ryurove@addthis.com,Male,196.69.48.225
16,Dionisio,Lashmore,dlashmoref@infoseek.co.jp,Male,28.208.81.68
17,Jake,Boxill,jboxillg@sitemeter.com,Male,97.123.109.21
18,Addia,Siley,asileyh@icio.us,Female,120.245.217.143
19,Worden,Knottley,wknottleyi@hibu.com,Male,197.55.121.228
20,Fidole,Dellit,fdellitj@apache.org,Male,212.35.112.170
21,Broderick,Iffe,biffek@hostgator.com,Male,11.2.194.132
22,Kiah,Joannic,kjoannicl@multiply.com,Female,79.105.10.106
23,Laurianne,Brocklehurst,lbrocklehurstm@ebay.co.uk,Bigender,160.74.20.25
24,Ebba,Sanger,esangern@twitter.com,Female,137.68.138.217
25,Edeline,Avramovsky,eavramovskyo@networksolutions.com,Bigender,193.169.183.182
26,Reuben,Harbin,rharbinp@mtv.com,Male,18.163.226.136
27,Nikolaos,Kinney,nkinneyq@quantcast.com,Non-binary,137.208.254.221
28,Ahmad,Tremethack,atremethackr@ucoz.ru,Male,62.64.18.241
29,Arni,Cumberlidge,acumberlidges@elegantthemes.com,Male,247.86.206.194
30,Brendis,Bucky,bbuckyt@oaic.gov.au,Male,24.32.15.86
31,Ailbert,Caulder,acaulderu@cloudflare.com,Male,222.55.52.114
32,Candis,Bickerton,cbickertonv@delicious.com,Female,207.211.138.252
33,Sigismundo,Vlahos,svlahosw@scribd.com,Male,3.218.12.94
34,Timmie,Bogeys,tbogeysx@cbc.ca,Male,145.96.52.215
35,Cymbre,Feehily,cfeehilyy@mayoclinic.com,Female,104.228.78.105
36,Milissent,Kitchenside,mkitchensidez@google.fr,Female,166.117.7.160
37,Sigismundo,Pickford,spickford10@gmpg.org,Male,84.130.43.49
38,Gaby,Gergler,ggergler11@github.com,Male,105.59.223.60
39,Maximilien,Burnel,mburnel12@independent.co.uk,Male,205.21.7.233
40,Mercedes,Shenton,mshenton13@goo.ne.jp,Female,200.206.125.221
41,Byran,Tomashov,btomashov14@rakuten.co.jp,Male,7.110.39.176
42,Juliana,Dunniom,jdunniom15@answers.com,Female,89.111.252.110
43,Keith,Heath,kheath16@github.io,Male,178.192.129.232
44,Wilone,Boulding,wboulding17@yellowbook.com,Female,28.147.222.58
45,Silvanus,D'Antonio,sdantonio18@ucla.edu,Male,219.129.80.52
46,Sibilla,Loffel,sloffel19@umich.edu,Female,153.210.84.227
47,Miranda,Batterton,mbatterton1a@redcross.org,Female,144.251.227.57
48,Mireielle,Vittle,mvittle1b@e-recht24.de,Female,144.204.151.97
49,Olympe,Kwietak,okwietak1c@nhs.uk,Female,61.86.87.64
50,Elton,Boynes,eboynes1d@ocn.ne.jp,Male,59.15.13.70
51,Glory,Collier,gcollier1e@tinyurl.com,Female,31.11.107.119
52,Hollis,Doram,hdoram1f@jigsy.com,Male,61.60.21.244
53,Arturo,Brooksby,abrooksby1g@businesswire.com,Male,217.191.197.160
54,Arv,Sharnock,asharnock1h@live.com,Male,163.178.55.68
55,Neron,Senchenko,nsenchenko1i@thetimes.co.uk,Bigender,124.248.242.171
56,Chrisse,Keady,ckeady1j@ft.com,Male,83.4.34.92
57,Coleman,Kieff,ckieff1k@webmd.com,Male,212.90.130.80
58,Terrel,Ivens,tivens1l@xrea.com,Male,230.132.83.123
59,Dougy,Baldacchino,dbaldacchino1m@nsw.gov.au,Male,231.142.19.9
60,Pattie,Cursey,pcursey1n@imgur.com,Female,197.174.173.255
61,Luise,Edgley,ledgley1o@wsj.com,Female,30.17.94.163
62,Pris,Omand,pomand1p@myspace.com,Female,14.164.121.236
63,Granger,Madigan,gmadigan1q@tamu.edu,Male,238.23.58.91
64,Gabrielle,Cradduck,gcradduck1r@liveinternet.ru,Female,153.157.163.72
65,Gwenneth,Rojel,grojel1s@hexun.com,Female,62.22.189.123
66,Anatollo,Lygo,alygo1t@addtoany.com,Male,122.221.19.14
67,Sol,Hattersley,shattersley1u@netscape.com,Male,22.51.101.128
68,Harriot,Postin,hpostin1v@epa.gov,Bigender,217.79.93.36
69,Pedro,Baudy,pbaudy1w@imgur.com,Genderfluid,37.73.116.80
70,Aubrette,Bocke,abocke1x@pbs.org,Female,153.168.209.47
71,Essie,Beacon,ebeacon1y@jugem.jp,Female,15.52.94.163
72,Leonore,Dogerty,ldogerty1z@nba.com,Female,190.156.149.60
73,Sammie,Heavyside,sheavyside20@google.es,Male,60.27.38.211
74,Felizio,Trewhela,ftrewhela21@nytimes.com,Male,203.50.244.213
75,Fergus,Pes,fpes22@yahoo.com,Male,38.45.213.199
76,Artemus,Arnely,aarnely23@icio.us,Genderfluid,199.235.202.38
77,Shellie,Doding,sdoding24@technorati.com,Female,31.240.249.61
78,Candice,Lomasna,clomasna25@storify.com,Female,132.88.20.255
79,Rance,Mark,rmark26@omniture.com,Male,226.32.112.188
80,Federica,Simkiss,fsimkiss27@tiny.cc,Female,202.178.200.68
81,Francene,Germann,fgermann28@spiegel.de,Female,186.166.39.231
82,Farr,Broadwood,fbroadwood29@w3.org,Male,75.243.109.42
83,Bourke,McAuslene,bmcauslene2a@weibo.com,Male,125.43.103.13
84,Bartlet,Crannach,bcrannach2b@hatena.ne.jp,Male,69.99.53.40
85,Celisse,Le Teve,cleteve2c@deviantart.com,Female,205.146.154.176
86,Retha,Crampsey,rcrampsey2d@huffingtonpost.com,Female,132.229.209.91
87,Archie,Coggles,acoggles2e@ebay.co.uk,Male,101.32.148.246
88,Serge,Dalgliesh,sdalgliesh2f@chicagotribune.com,Agender,231.178.188.2
89,Mariana,Maffei,mmaffei2g@nba.com,Female,87.80.215.48
90,Arlen,Wolfart,awolfart2h@myspace.com,Male,217.89.167.79
91,Winonah,Gibbard,wgibbard2i@hud.gov,Female,152.164.56.148
92,Deloria,Burchfield,dburchfield2j@home.pl,Female,83.107.248.14
93,Trix,Mohamed,tmohamed2k@trellian.com,Female,89.60.247.51
94,Odetta,Dreher,odreher2l@elegantthemes.com,Female,104.181.175.22
95,Delmore,Flucks,dflucks2m@goo.gl,Male,179.175.57.22
96,Luigi,Carling,lcarling2n@qq.com,Male,201.186.114.171
97,Nicko,Yendle,nyendle2o@businessweek.com,Male,171.182.98.238
98,Katha,Berthot,kberthot2p@yolasite.com,Female,108.80.166.111
99,Talbert,Heikkinen,theikkinen2q@census.gov,Male,39.111.40.212
100,Edgard,Colclough,ecolclough2r@house.gov,Male,106.35.212.195
101,Fanya,Ginglell,fginglell2s@webs.com,Female,78.0.98.45
102,Sasha,Gudgion,sgudgion2t@omniture.com,Male,14.43.64.75
103,Ev,Younglove,eyounglove2u@amazon.co.jp,Male,200.244.189.196
104,Tamera,Thresh,tthresh2v@hhs.gov,Female,215.220.103.91
105,Cass,Musson,cmusson2w@dailymail.co.uk,Male,253.23.253.34
106,Ellyn,Barstock,ebarstock2x@imdb.com,Female,231.80.160.168
107,Nico,Podmore,npodmore2y@skyrock.com,Male,65.42.161.102
108,Lutero,Caunce,lcaunce2z@webs.com,Male,216.38.165.33
109,Cart,Hansman,chansman30@upenn.edu,Male,117.36.108.99
110,Alric,Habbon,ahabbon31@usnews.com,Male,180.34.60.105
111,Auguste,Thomasen,athomasen32@ovh.net,Female,233.84.121.33
112,Fraser,Riggoll,friggoll33@cocolog-nifty.com,Male,59.69.153.239
113,Terrell,Kenealy,tkenealy34@booking.com,Male,120.181.196.103
114,Duncan,Heatly,dheatly35@dailymail.co.uk,Male,8.216.61.191
115,Jillian,Copplestone,jcopplestone36@hhs.gov,Female,8.172.238.143
116,Maurizio,Maryan,mmaryan37@google.ca,Male,47.234.174.171
117,Bearnard,Madgett,bmadgett38@eventbrite.com,Male,168.63.218.153
118,Stoddard,Cornes,scornes39@shutterfly.com,Female,144.180.78.4
119,Timothy,Cranney,tcranney3a@vimeo.com,Male,211.227.54.37
120,Mitchell,Brickdale,mbrickdale3b@furl.net,Male,179.74.14.191
121,Tammy,McCann,tmccann3c@google.com.br,Male,202.172.28.19
122,Myles,Southway,msouthway3d@google.co.uk,Male,126.145.173.84
123,Tallia,Kempson,tkempson3e@addtoany.com,Female,66.219.120.171
124,Adoree,Keppy,akeppy3f@jigsy.com,Female,24.205.225.136
125,Tori,Golthorpp,tgolthorpp3g@mlb.com,Female,112.76.215.75
126,Fayette,Loveard,floveard3h@phpbb.com,Female,58.1.112.207
127,Georgy,Curmi,gcurmi3i@illinois.edu,Male,146.129.5.190
128,Griffin,Egar,gegar3j@apple.com,Male,114.138.205.209
129,Seamus,Beynke,sbeynke3k@people.com.cn,Male,203.122.11.252
130,Betsey,Hurdwell,bhurdwell3l@desdev.cn,Non-binary,230.226.85.40
131,Debora,Coyne,dcoyne3m@domainmarket.com,Female,42.234.226.220
132,Benedetta,Seamer,bseamer3n@ameblo.jp,Female,235.182.44.198
133,Bobette,Raymond,braymond3o@redcross.org,Female,119.12.45.51
134,Harriet,Jatczak,hjatczak3p@reuters.com,Female,225.138.134.202
135,Arliene,Buckland,abuckland3q@typepad.com,Female,147.149.12.95
136,Pincus,Boler,pboler3r@mit.edu,Male,124.168.81.167
137,Cherri,Benion,cbenion3s@uiuc.edu,Female,158.24.159.87
138,Grady,Asp,gasp3t@1und1.de,Male,88.98.198.9
139,Michael,Penhaligon,mpenhaligon3u@youtube.com,Male,106.116.213.124
140,Rich,Bealing,rbealing3v@sohu.com,Male,252.229.187.213
141,Neely,Capenor,ncapenor3w@discovery.com,Female,152.209.40.149
142,Roxi,Northey,rnorthey3x@quantcast.com,Female,1.189.26.40
143,Waylon,MacGillespie,wmacgillespie3y@tinyurl.com,Male,217.13.96.83
144,Sonnie,Clemas,sclemas3z@senate.gov,Female,188.176.58.90
145,Mill,Lovewell,mlovewell40@nature.com,Male,139.94.121.147
146,Frants,Christescu,fchristescu41@soup.io,Male,116.176.148.50
147,Rene,Maltby,rmaltby42@so-net.ne.jp,Male,28.131.130.87
148,Cchaddie,Marchi,cmarchi43@quantcast.com,Male,82.116.72.39
149,Joshia,Ruppelin,jruppelin44@cbc.ca,Male,214.76.183.149
150,Xavier,Gallehawk,xgallehawk45@arizona.edu,Male,251.33.62.252
151,Brad,Pafford,bpafford46@nbcnews.com,Male,183.243.105.92
152,Robinia,Brager,rbrager47@marketwatch.com,Female,231.133.208.252
153,Alfons,Fishlock,afishlock48@dyndns.org,Male,98.153.66.135
154,Estevan,Noddles,enoddles49@naver.com,Male,177.97.81.89
155,Christye,McFarlane,cmcfarlane4a@hp.com,Female,147.158.79.232
156,Alessandra,Meriguet,ameriguet4b@salon.com,Bigender,112.171.127.70
157,Albertina,Kinnock,akinnock4c@time.com,Female,240.252.130.91
158,Conrade,Dalgardno,cdalgardno4d@cbslocal.com,Male,14.3.168.176
159,Janeva,Tackett,jtackett4e@msu.edu,Female,9.225.212.6
160,Minor,Grantham,mgrantham4f@ted.com,Male,127.8.189.225
161,Eduard,Loughran,eloughran4g@bandcamp.com,Male,225.253.8.156
162,Jaynell,Ambrosi,jambrosi4h@mac.com,Female,106.9.255.58
163,Callean,Huttley,chuttley4i@google.com,Male,4.105.210.109
164,Stillman,Walkingshaw,swalkingshaw4j@pcworld.com,Male,206.30.30.217
165,Odelia,Cracker,ocracker4k@rambler.ru,Female,15.3.155.183
166,Glynnis,Drakeford,gdrakeford4l@biblegateway.com,Female,12.246.224.134
167,Lauren,Snelgrove,lsnelgrove4m@xinhuanet.com,Male,169.189.229.53
168,Patrick,Jerdan,pjerdan4n@last.fm,Male,36.216.157.15
169,Vasili,Cantrell,vcantrell4o@skyrock.com,Male,185.89.89.80
170,Way,Leech,wleech4p@cnet.com,Male,9.219.46.225
171,Meghann,Momford,mmomford4q@princeton.edu,Female,80.148.154.138
172,Pascal,Gashion,pgashion4r@timesonline.co.uk,Male,199.12.237.220
173,Merrel,Frances,mfrances4s@nps.gov,Male,77.97.18.43
174,Claiborn,Gandy,cgandy4t@addtoany.com,Male,214.22.11.161
175,Olin,Kubica,okubica4u@hibu.com,Male,146.215.100.74
176,Yard,Handlin,yhandlin4v@digg.com,Male,100.99.78.65
177,Glory,Figurski,gfigurski4w@bravesites.com,Female,41.43.7.126
178,Theodosia,Von Salzberg,tvonsalzberg4x@prweb.com,Female,196.131.170.206
179,Toinette,Custy,tcusty4y@hugedomains.com,Female,175.245.180.227
180,Zsa zsa,Guillotin,zguillotin4z@accuweather.com,Female,57.174.197.14
181,Norbert,Ray,nray50@newyorker.com,Male,121.77.235.82
182,Randal,Somerset,rsomerset51@npr.org,Bigender,8.175.16.225
183,Kain,Boldero,kboldero52@linkedin.com,Male,236.37.36.80
184,Zachary,Ros,zros53@163.com,Male,219.155.186.182
185,Simona,Got,sgot54@prlog.org,Female,15.184.35.218
186,Michell,Dumberrill,mdumberrill55@washingtonpost.com,Female,111.235.109.82
187,Shepherd,MacGibbon,smacgibbon56@sohu.com,Male,231.229.135.44
188,Clarette,Edleston,cedleston57@google.ca,Female,52.156.160.227
189,Ameline,Joire,ajoire58@oaic.gov.au,Female,16.170.145.195
190,Nancy,Nellis,nnellis59@mapy.cz,Female,1.135.99.207
191,Mirilla,McMurty,mmcmurty5a@dion.ne.jp,Female,172.34.43.162
192,Jobey,Everil,jeveril5b@g.co,Female,127.97.219.211
193,Maxy,Gott,mgott5c@rambler.ru,Genderqueer,14.159.33.37
194,Nerissa,Healing,nhealing5d@nyu.edu,Female,109.187.37.64
195,Redd,Durrand,rdurrand5e@flickr.com,Male,87.207.229.189
196,Emylee,Haisell,ehaisell5f@gizmodo.com,Female,237.193.125.215
197,Talyah,McClary,tmcclary5g@sina.com.cn,Female,67.218.98.232
198,Nathanael,Willgoose,nwillgoose5h@webmd.com,Male,233.125.95.235
199,Renie,Wiper,rwiper5i@delicious.com,Female,113.103.45.103
200,Ethelin,Arnall,earnall5j@ucsd.edu,Female,196.120.186.218
201,Fidela,Kelway,fkelway5k@mediafire.com,Female,252.101.53.208
202,Janeen,Timbrell,jtimbrell5l@hp.com,Female,33.90.252.243
203,Cherye,Rivaland,crivaland5m@samsung.com,Female,197.45.107.46
204,Daveta,Risbridge,drisbridge5n@nsw.gov.au,Female,172.98.114.235
205,Shaine,Gligori,sgligori5o@spotify.com,Female,94.200.212.68
206,Stormi,Spraggon,sspraggon5p@cbc.ca,Female,151.55.183.249
207,Bobinette,Gurnee,bgurnee5q@histats.com,Female,44.168.225.145
208,Melany,Screen,mscreen5r@patch.com,Female,27.253.115.182
209,Brandise,Hamshar,bhamshar5s@trellian.com,Female,11.73.51.86
210,Charles,Lockett,clockett5t@myspace.com,Male,186.237.128.9
211,Fern,Verrillo,fverrillo5u@surveymonkey.com,Female,150.34.78.155
212,Hillel,Swepson,hswepson5v@odnoklassniki.ru,Male,194.173.187.111
213,Delmar,Gretton,dgretton5w@sphinn.com,Male,146.122.117.165
214,Salomi,Standrin,sstandrin5x@goo.gl,Female,180.192.31.221
215,Arni,Wakefield,awakefield5y@discuz.net,Male,13.107.37.48
216,Lou,Woodington,lwoodington5z@moonfruit.com,Male,123.68.13.11
217,Hadrian,Pedrazzi,hpedrazzi60@friendfeed.com,Male,138.102.193.72
218,Cheslie,Godehard.sf,cgodehardsf61@vistaprint.com,Agender,144.38.66.68
219,Christian,Boatman,cboatman62@github.com,Male,163.223.173.250
220,Bernarr,Krolak,bkrolak63@csmonitor.com,Male,90.76.68.33
221,Jonah,Eschalette,jeschalette64@uiuc.edu,Polygender,132.202.61.238
222,Corliss,Thompson,cthompson65@chron.com,Female,111.105.237.65
223,Rosemaria,Casa,rcasa66@pagesperso-orange.fr,Female,232.48.254.66
224,Pammi,Kelwick,pkelwick67@istockphoto.com,Female,141.164.173.221
225,Rycca,Stamp,rstamp68@lycos.com,Female,154.84.12.151
226,Ingra,Hayfield,ihayfield69@google.com.hk,Male,90.135.58.61
227,Jordan,Emmison,jemmison6a@ocn.ne.jp,Female,49.172.204.111
228,Benjy,Myott,bmyott6b@goo.gl,Male,38.76.220.194
229,Sidonia,Chaffyn,schaffyn6c@fc2.com,Female,79.1.138.128
230,Blinnie,Emby,bemby6d@dropbox.com,Female,198.12.195.192
231,Gusella,Bowser,gbowser6e@skyrock.com,Female,182.185.77.227
232,Tadio,MacGlory,tmacglory6f@phoca.cz,Male,188.148.167.210
233,Ariel,Sarson,asarson6g@weebly.com,Male,85.61.157.73
234,Hedwiga,Chate,hchate6h@biglobe.ne.jp,Female,82.94.119.148
235,Adrianna,Daborn,adaborn6i@about.com,Female,155.27.202.189
236,Kacey,Castellini,kcastellini6j@shop-pro.jp,Agender,114.146.61.183
237,Eadmund,Stannas,estannas6k@furl.net,Male,197.196.49.62
238,Laney,Worstall,lworstall6l@meetup.com,Male,90.167.36.110
239,Neale,Danne,ndanne6m@github.com,Male,6.131.28.43
240,Jerry,Stainer,jstainer6n@biglobe.ne.jp,Female,10.204.229.153
241,Paxon,Legat,plegat6o@wikia.com,Male,250.132.250.205
242,Nicoline,Gatesman,ngatesman6p@booking.com,Female,44.102.170.218
243,Rochella,Helbeck,rhelbeck6q@mac.com,Female,36.26.161.4
244,Quintin,Bigg,qbigg6r@ehow.com,Male,57.253.183.216
245,Guillermo,Ellingsworth,gellingsworth6s@examiner.com,Male,207.20.196.132
246,Boycie,Grandisson,bgrandisson6t@friendfeed.com,Male,159.219.127.185
247,Antonie,MacAfee,amacafee6u@friendfeed.com,Female,224.6.173.52
248,Sarene,Deetch,sdeetch6v@wsj.com,Female,36.205.41.222
249,Rhodia,Steptow,rsteptow6w@columbia.edu,Female,239.190.113.198
250,Silvain,Doiley,sdoiley6x@skyrock.com,Non-binary,63.154.209.85
251,Olimpia,Strotton,ostrotton6y@macromedia.com,Female,235.47.211.58
252,Danette,Coxall,dcoxall6z@geocities.jp,Female,120.219.175.150
253,Vanda,Swire,vswire70@myspace.com,Female,144.228.3.65
254,Isaak,Spridgeon,ispridgeon71@thetimes.co.uk,Male,171.74.165.164
255,Aundrea,Castiglioni,acastiglioni72@constantcontact.com,Female,208.235.97.76
256,Lelah,Capineer,lcapineer73@devhub.com,Female,20.197.80.176
257,Annabal,Norcop,anorcop74@sun.com,Female,106.141.111.249
258,Joan,Georgins,jgeorgins75@lulu.com,Female,207.27.140.202
259,Jenifer,Lockwood,jlockwood76@youtube.com,Female,8.132.37.111
260,Felice,Greeves,fgreeves77@ustream.tv,Female,31.134.101.43
261,Lars,McGinney,lmcginney78@issuu.com,Male,69.106.239.67
262,Shawn,Nathan,snathan79@goo.ne.jp,Male,56.182.27.192
263,Pollyanna,Claesens,pclaesens7a@1688.com,Genderfluid,230.233.85.8
264,Evvy,Dymick,edymick7b@columbia.edu,Female,4.232.17.93
265,Greta,Grishukov,ggrishukov7c@deliciousdays.com,Female,152.66.129.37
266,Cozmo,Worpole,cworpole7d@umn.edu,Male,122.121.200.193
267,Shina,Turley,sturley7e@umn.edu,Female,13.173.119.121
268,Frederique,Sisey,fsisey7f@businesswire.com,Female,67.98.153.176
269,Johan,Grennan,jgrennan7g@about.me,Male,207.43.42.228
270,Adelina,Siene,asiene7h@jigsy.com,Female,118.220.80.63
271,Lynnea,Eddoes,leddoes7i@prlog.org,Female,77.161.119.219
272,Ike,Rimes,irimes7j@sfgate.com,Male,70.209.195.82
273,Sollie,Burden,sburden7k@nature.com,Male,212.121.178.246
274,Bordy,Keeping,bkeeping7l@usnews.com,Male,157.180.190.49
275,Derril,Heigho,dheigho7m@cisco.com,Agender,112.138.206.15
276,Ignazio,Fowell,ifowell7n@google.ca,Male,131.148.174.174
277,Harold,Bertwistle,hbertwistle7o@taobao.com,Male,226.240.9.32
278,Brander,Borkin,bborkin7p@indiatimes.com,Male,154.217.157.223
279,Krishnah,Baldcock,kbaldcock7q@networksolutions.com,Male,131.190.190.232
280,Sherie,Wallen,swallen7r@etsy.com,Female,241.219.123.42
281,Milena,Shemelt,mshemelt7s@livejournal.com,Genderqueer,148.93.56.89
282,Benedikt,Vials,bvials7t@amazon.com,Male,115.210.102.166
283,Hal,Pritty,hpritty7u@squidoo.com,Male,39.55.121.56
284,Aridatha,Aishford,aaishford7v@go.com,Non-binary,226.178.31.217
285,Aubree,Fenner,afenner7w@amazon.com,Female,167.131.229.69
286,Leta,Coffelt,lcoffelt7x@google.co.uk,Female,174.158.177.119
287,Ricky,Tatem,rtatem7y@dagondesign.com,Male,109.178.86.116
288,Georgianna,Lawfull,glawfull7z@ask.com,Female,29.66.99.243
289,Sergei,George,sgeorge80@1und1.de,Male,124.178.137.87
290,Herbert,Navaro,hnavaro81@addthis.com,Agender,116.248.204.196
291,Hillier,Larratt,hlarratt82@creativecommons.org,Male,42.171.140.86
292,Bobbye,Vallantine,bvallantine83@ftc.gov,Female,150.217.156.89
293,Adler,Prene,aprene84@indiegogo.com,Male,46.227.91.139
294,Urban,Marion,umarion85@etsy.com,Male,47.152.49.113
295,Horatius,Ames,hames86@ibm.com,Male,143.173.165.217
296,Jonathon,Treleaven,jtreleaven87@google.es,Male,148.102.62.73
297,Eduino,Pepperd,epepperd88@behance.net,Male,48.210.140.34
298,Jerad,Gaitskell,jgaitskell89@ning.com,Male,108.126.126.162
299,Godfry,Goolden,ggoolden8a@soundcloud.com,Male,34.39.166.23
300,Lillis,Keysel,lkeysel8b@netscape.com,Female,122.170.142.102
301,Manfred,Hellmer,mhellmer8c@theglobeandmail.com,Male,85.249.195.10
302,Ingmar,Lippitt,ilippitt8d@studiopress.com,Male,113.38.107.119
303,Yves,Vicarey,yvicarey8e@dion.ne.jp,Polygender,35.66.121.17
304,Granger,Rollin,grollin8f@cbc.ca,Male,87.32.126.12
305,Patrizio,Ugoni,pugoni8g@prweb.com,Male,234.155.140.250
306,Brig,Pollie,bpollie8h@bing.com,Male,13.246.158.251
307,Ardeen,Pill,apill8i@chron.com,Female,74.36.38.141
308,Louisa,Vine,lvine8j@lycos.com,Female,7.6.5.154
309,Carmelia,Dalgardno,cdalgardno8k@clickbank.net,Female,88.69.112.43
310,Willdon,Toffetto,wtoffetto8l@psu.edu,Male,116.66.98.187
311,Minni,Kopke,mkopke8m@dropbox.com,Female,95.167.240.183
312,Gypsy,Bigmore,gbigmore8n@phpbb.com,Female,100.211.190.34
313,Ronnie,Hillin,rhillin8o@last.fm,Female,201.37.237.255
314,Kimberly,Dominico,kdominico8p@economist.com,Female,27.250.189.128
315,Upton,Brafferton,ubrafferton8q@abc.net.au,Male,213.12.132.84
316,Brooke,Strother,bstrother8r@wikispaces.com,Male,50.179.71.84
317,Carole,Jancik,cjancik8s@vinaora.com,Female,19.245.125.93
318,Marline,Labrone,mlabrone8t@google.co.jp,Female,250.218.39.104
319,Talbot,Turbefield,tturbefield8u@skype.com,Male,188.65.88.61
320,Farand,Kinsey,fkinsey8v@list-manage.com,Female,234.81.28.204
321,Nadia,Trayes,ntrayes8w@illinois.edu,Polygender,105.83.127.140
322,Jermayne,McNerlin,jmcnerlin8x@cdc.gov,Male,229.123.210.210
323,Cary,Probart,cprobart8y@microsoft.com,Genderfluid,222.49.149.148
324,Celle,Chavey,cchavey8z@hostgator.com,Female,193.133.218.171
325,Ollie,Breinlein,obreinlein90@clickbank.net,Female,118.10.189.68
326,Cirillo,Goldhawk,cgoldhawk91@imageshack.us,Genderqueer,116.18.126.251
327,Tabby,Tramel,ttramel92@mozilla.org,Male,54.221.189.223
328,Shoshana,Mullenger,smullenger93@dyndns.org,Female,64.242.117.46
329,Brandy,Winnard,bwinnard94@irs.gov,Female,213.128.5.110
330,Yevette,McFeate,ymcfeate95@weather.com,Female,65.240.243.219
331,Bill,Yakubovich,byakubovich96@printfriendly.com,Male,253.239.80.1
332,Graehme,Tree,gtree97@creativecommons.org,Male,125.49.116.155
333,Roxanne,Cowap,rcowap98@storify.com,Female,170.136.184.135
334,Rory,Madsen,rmadsen99@census.gov,Female,80.163.243.39
335,Armstrong,Stenbridge,astenbridge9a@linkedin.com,Male,50.212.235.178
336,Duky,Lamberti,dlamberti9b@zimbio.com,Male,166.195.6.206
337,Pinchas,Banaszczyk,pbanaszczyk9c@istockphoto.com,Male,181.101.177.202
338,Gaston,Pirazzi,gpirazzi9d@sogou.com,Male,120.152.144.151
339,Dominique,Chant,dchant9e@ustream.tv,Male,81.156.247.86
340,Dulsea,Broomer,dbroomer9f@ibm.com,Female,47.116.120.180
341,Edan,Noury,enoury9g@vimeo.com,Male,194.58.34.2
342,Holmes,Rubrow,hrubrow9h@google.com,Male,89.103.0.209
343,Nan,Gunson,ngunson9i@hatena.ne.jp,Female,170.81.76.117
344,Mohammed,Suatt,msuatt9j@last.fm,Male,197.60.254.193
345,Taddeusz,Petrishchev,tpetrishchev9k@house.gov,Male,194.67.239.76
346,Brandais,Fitch,bfitch9l@telegraph.co.uk,Female,151.165.155.199
347,Ada,Worviell,aworviell9m@mlb.com,Agender,73.94.216.4
348,Malvina,Thomasset,mthomasset9n@home.pl,Female,53.135.71.158
349,Byran,Jewett,bjewett9o@feedburner.com,Male,95.1.62.165
350,Norman,Loseby,nloseby9p@mysql.com,Male,120.191.245.64
351,Tallulah,Penrith,tpenrith9q@pen.io,Female,158.139.46.206
352,Sanders,Halward,shalward9r@163.com,Male,53.50.232.1
353,Flori,Camacho,fcamacho9s@umich.edu,Female,241.32.36.50
354,Jerome,Kinnear,jkinnear9t@infoseek.co.jp,Male,95.179.231.203
355,Alanah,Skingley,askingley9u@google.cn,Female,5.139.33.164
356,Cart,Cainey,ccainey9v@pbs.org,Male,106.219.214.111
357,Aaron,Phythien,aphythien9w@dmoz.org,Male,82.12.243.14
358,Bastian,Lovelady,blovelady9x@diigo.com,Male,14.184.114.203
359,Val,Grimes,vgrimes9y@dailymotion.com,Female,18.188.73.205
360,Ole,Morena,omorena9z@gizmodo.com,Male,89.90.164.124
361,Orson,Chaytor,ochaytora0@businessinsider.com,Male,96.250.164.32
362,Felizio,Malpas,fmalpasa1@hubpages.com,Male,63.174.198.78
363,Jaquelyn,Slatter,jslattera2@flickr.com,Female,171.254.207.108
364,Lemmie,Conkie,lconkiea3@flickr.com,Male,253.139.137.130
365,Sissy,Brangan,sbrangana4@cdc.gov,Bigender,252.80.103.12
366,Jacquelynn,Harberer,jharberera5@adobe.com,Female,24.255.73.242
367,Pauly,Peacher,ppeachera6@google.it,Male,95.108.36.151
368,Delilah,Najara,dnajaraa7@wordpress.org,Female,92.43.239.11
369,Dannel,Rookledge,drookledgea8@gravatar.com,Male,42.188.99.134
370,Sofie,Lorne,slornea9@oaic.gov.au,Female,238.202.125.21
371,Isak,Pennings,ipenningsaa@patch.com,Male,44.219.131.10
372,Jeniece,Aimer,jaimerab@blinklist.com,Female,164.242.159.203
373,Yankee,Winsiowiecki,ywinsiowieckiac@google.it,Male,86.24.166.224
374,Dominga,Elener,delenerad@scientificamerican.com,Female,102.19.182.211
375,Gilbert,Hedon,ghedonae@bloomberg.com,Male,170.0.208.50
376,Kennan,Helix,khelixaf@dedecms.com,Male,209.62.74.199
377,Costanza,Robeson,crobesonag@dagondesign.com,Female,248.176.70.151
378,Fiorenze,Naughton,fnaughtonah@toplist.cz,Female,6.100.10.212
379,Vivienne,Watterson,vwattersonai@wordpress.com,Female,201.185.205.206
380,Sheba,Sille,ssilleaj@topsy.com,Female,239.136.62.129
381,Roanna,Al Hirsi,ralhirsiak@theatlantic.com,Female,175.64.107.218
382,Rab,Ormiston,rormistonal@discuz.net,Male,131.115.58.233
383,Dian,Breslauer,dbreslaueram@flickr.com,Female,238.24.74.172
384,Shauna,Campion,scampionan@wikispaces.com,Female,201.182.100.242
385,Elfie,Riall,eriallao@omniture.com,Female,189.64.213.217
386,Polly,Cregin,pcreginap@studiopress.com,Female,79.46.66.235
387,Lynnell,Devas,ldevasaq@ning.com,Female,79.217.31.137
388,Janith,Allbut,jallbutar@marketwatch.com,Female,110.232.93.193
389,Tomasina,Comben,tcombenas@ca.gov,Female,66.216.124.13
390,Nessie,Veeler,nveelerat@senate.gov,Female,225.194.75.244
391,Creighton,Di Dello,cdidelloau@forbes.com,Male,81.94.157.230
392,Ring,Wrettum,rwrettumav@narod.ru,Male,255.60.7.224
393,Aldous,Paeckmeyer,apaeckmeyeraw@npr.org,Male,199.110.108.19
394,Fanchon,Orniz,fornizax@ucoz.ru,Female,40.92.125.241
395,Hurley,Alesbrook,halesbrookay@furl.net,Male,227.98.228.236
396,Maurizio,Kinnerk,mkinnerkaz@sciencedaily.com,Male,231.167.109.207
397,Joelynn,Martinet,jmartinetb0@theglobeandmail.com,Female,74.3.78.242
398,Amabelle,Hallede,ahalledeb1@ft.com,Genderfluid,10.78.175.50
399,Lizzy,Kellick,lkellickb2@reddit.com,Female,1.19.141.216
400,Welbie,Dunkley,wdunkleyb3@histats.com,Male,227.136.74.97
401,Amaleta,Blowen,ablowenb4@amazon.com,Female,225.2.108.60
402,Noel,Wintringham,nwintringhamb5@nytimes.com,Female,170.68.144.18
403,Ailbert,Moulder,amoulderb6@adobe.com,Male,161.77.39.13
404,Alyssa,Petrasch,apetraschb7@so-net.ne.jp,Female,67.147.211.136
405,Hillery,Schole,hscholeb8@technorati.com,Male,170.238.27.141
406,Skelly,Jost,sjostb9@ehow.com,Male,70.86.66.78
407,Kim,Chad,kchadba@amazon.de,Male,158.25.189.118
408,Merv,Upcott,mupcottbb@1und1.de,Male,187.189.144.184
409,Karole,Cooke,kcookebc@nsw.gov.au,Female,97.157.24.240
410,Tess,Iacomini,tiacominibd@mysql.com,Female,182.23.234.31
411,Fred,Murney,fmurneybe@scribd.com,Male,51.247.163.173
412,Lilli,Bowton,lbowtonbf@topsy.com,Female,142.157.167.137
413,Julietta,Tulloch,jtullochbg@cpanel.net,Female,25.138.83.205
414,Ingamar,Riping,iripingbh@cnbc.com,Male,23.148.79.206
415,Aurthur,Larkcum,alarkcumbi@wordpress.com,Male,24.164.147.149
416,Britt,Trebble,btrebblebj@jugem.jp,Male,72.217.104.95
417,Emile,Hullett,ehullettbk@google.de,Male,87.133.159.103
418,Cole,Jordine,cjordinebl@vinaora.com,Male,254.128.241.204
419,Ivonne,Pepineaux,ipepineauxbm@flickr.com,Female,119.157.211.123
420,Jimmie,Bannon,jbannonbn@washington.edu,Male,200.29.74.34
421,Faustina,Goldhawk,fgoldhawkbo@ow.ly,Female,4.89.201.233
422,Hewett,Brewood,hbrewoodbp@wired.com,Male,231.3.210.229
423,Donnie,Barbier,dbarbierbq@fc2.com,Female,37.45.103.152
424,Dicky,O'Hearn,dohearnbr@1und1.de,Male,12.249.251.245
425,Farrell,Addlestone,faddlestonebs@boston.com,Male,253.140.70.33
426,Clevie,Cansdill,ccansdillbt@exblog.jp,Male,189.79.1.38
427,Oren,Jannasch,ojannaschbu@independent.co.uk,Male,212.6.183.9
428,Henka,Stirley,hstirleybv@ucla.edu,Female,20.129.21.37
429,Hubert,Sharples,hsharplesbw@google.fr,Male,46.53.84.60
430,Rafael,Fisby,rfisbybx@pbs.org,Male,179.40.71.70
431,Joline,Steketee,jsteketeeby@yahoo.co.jp,Female,134.144.62.122
432,Berni,Playle,bplaylebz@dyndns.org,Female,135.119.233.106
433,Dorri,Cure,dcurec0@washington.edu,Female,135.36.124.9
434,Thurstan,Roadknight,troadknightc1@ocn.ne.jp,Male,32.97.51.162
435,Pierce,Austing,paustingc2@stumbleupon.com,Bigender,21.169.147.147
436,Iain,Oosthout de Vree,ioosthoutdevreec3@chron.com,Male,35.76.247.15
437,Karee,McRory,kmcroryc4@mail.ru,Female,10.35.156.229
438,Roseanne,Fearnsides,rfearnsidesc5@php.net,Genderqueer,252.29.15.217
439,Vivie,Abbison,vabbisonc6@army.mil,Female,61.45.63.21
440,Ariel,Kertess,akertessc7@patch.com,Female,59.86.148.63
441,Sax,Harme,sharmec8@dagondesign.com,Male,181.179.90.137
442,Kimbell,Screaton,kscreatonc9@unblog.fr,Male,75.147.89.239
443,Raf,Seldon,rseldonca@studiopress.com,Female,74.215.163.183
444,Calvin,Crosswaite,ccrosswaitecb@posterous.com,Genderqueer,22.80.142.44
445,Brigham,Berk,bberkcc@jiathis.com,Male,158.179.53.150
446,Babs,Sturges,bsturgescd@psu.edu,Female,132.185.218.111
447,Yorgo,Beers,ybeersce@mediafire.com,Male,13.80.243.93
448,Tamra,Pudge,tpudgecf@yolasite.com,Female,235.78.84.33
449,Rockey,Jensen,rjensencg@intel.com,Male,46.188.196.64
450,Darya,Addenbrooke,daddenbrookech@istockphoto.com,Female,78.3.228.66
451,Dennet,Goldney,dgoldneyci@people.com.cn,Male,177.91.178.246
452,Aurlie,Stummeyer,astummeyercj@webeden.co.uk,Female,196.177.239.52
453,Katharina,Yokelman,kyokelmanck@spotify.com,Female,63.75.64.29
454,Quintus,Whittlesey,qwhittleseycl@is.gd,Male,143.226.141.183
455,Calhoun,Fautly,cfautlycm@weebly.com,Male,191.163.226.112
456,Clevie,Mattimoe,cmattimoecn@hexun.com,Male,56.46.210.86
457,Dom,Cordeux,dcordeuxco@usa.gov,Male,249.197.240.249
458,Jacki,Fairney,jfairneycp@tinypic.com,Polygender,119.53.246.176
459,Orella,Negri,onegricq@sitemeter.com,Agender,106.39.165.161
460,Kissiah,Maltman,kmaltmancr@princeton.edu,Female,60.131.231.10
461,Tadeas,Chaperling,tchaperlingcs@webmd.com,Agender,83.142.164.97
462,Viviyan,Keld,vkeldct@time.com,Female,148.7.17.230
463,Hewett,Marti,hmarticu@wufoo.com,Male,194.52.146.62
464,Corrinne,Armit,carmitcv@simplemachines.org,Female,67.131.247.41
465,Teodor,Mielnik,tmielnikcw@slashdot.org,Male,28.251.157.154
466,Levy,Ivanchikov,livanchikovcx@cnbc.com,Male,148.41.183.176
467,Ailis,Greer,agreercy@imgur.com,Female,163.75.96.78
468,Anna-diane,Suscens,asuscenscz@usnews.com,Female,20.104.192.252
469,Austin,Prover,aproverd0@arizona.edu,Male,10.71.87.46
470,Audry,Fury,afuryd1@harvard.edu,Female,42.74.127.230
471,Sara-ann,Sleeny,ssleenyd2@utexas.edu,Female,105.32.10.222
472,Maryjane,Ackeroyd,mackeroydd3@hud.gov,Agender,120.90.241.206
473,Saunder,Prati,spratid4@mayoclinic.com,Male,161.54.25.147
474,Claresta,Catlin,ccatlind5@msn.com,Female,144.168.53.122
475,Genovera,Nashe,gnashed6@wiley.com,Female,221.16.103.187
476,Allyn,Copeman,acopemand7@gov.uk,Male,218.30.139.181
477,Lilllie,Fellnee,lfellneed8@umn.edu,Female,174.72.188.95
478,Harriott,Keaveney,hkeaveneyd9@paginegialle.it,Female,38.82.196.214
479,Dorrie,Swabey,dswabeyda@linkedin.com,Genderqueer,166.25.68.47
480,Andris,Hollier,ahollierdb@cbslocal.com,Male,158.78.235.42
481,Angelita,Tomsett,atomsettdc@hud.gov,Agender,90.18.113.251
482,Allison,Nock,anockdd@samsung.com,Female,139.70.132.11
483,Jolee,Sherrock,jsherrockde@google.co.uk,Genderqueer,84.92.255.136
484,Sher,Cordelet,scordeletdf@nbcnews.com,Female,92.221.73.136
485,Lauralee,Sendall,lsendalldg@boston.com,Female,172.55.241.25
486,Gardener,Pearson,gpearsondh@salon.com,Male,24.239.172.33
487,Gene,McSpirron,gmcspirrondi@mail.ru,Male,200.14.97.27
488,Jere,O'Nion,joniondj@ucsd.edu,Agender,227.25.58.122
489,Vladimir,Luggar,vluggardk@behance.net,Male,91.68.244.64
490,Son,Darycott,sdarycottdl@huffingtonpost.com,Male,137.171.196.31
491,Rhody,Helwig,rhelwigdm@ifeng.com,Female,104.174.22.14
492,Berti,Allflatt,ballflattdn@nba.com,Male,235.174.152.139
493,Tucky,Vauls,tvaulsdo@edublogs.org,Genderfluid,248.27.153.199
494,Tonya,Joel,tjoeldp@foxnews.com,Female,184.217.117.252
495,Robbie,Hartnell,rhartnelldq@istockphoto.com,Male,78.247.85.183
496,Hedi,Brum,hbrumdr@bravesites.com,Female,255.103.223.166
497,Roscoe,Cave,rcaveds@theatlantic.com,Male,29.102.88.22
498,Renaud,Garnsworth,rgarnsworthdt@fc2.com,Male,128.221.65.209
499,Xymenes,Josovitz,xjosovitzdu@soundcloud.com,Male,28.196.205.199
500,Elmore,Marchello,emarchellodv@rakuten.co.jp,Male,46.70.111.104
501,Marieann,De Filippo,mdefilippodw@vimeo.com,Female,223.31.153.119
502,Veronique,Ferrillio,vferrilliodx@deliciousdays.com,Female,127.131.225.25
503,Fraze,Compson,fcompsondy@chicagotribune.com,Male,67.171.148.79
504,Cinda,Cancelier,ccancelierdz@desdev.cn,Female,102.70.203.61
505,Griffy,Di Iorio,gdiiorioe0@home.pl,Male,61.229.247.209
506,Maurits,Timby,mtimbye1@xinhuanet.com,Male,122.152.0.103
507,Noam,Load,nloade2@mlb.com,Male,55.93.187.117
508,Yul,Grubbe,ygrubbee3@washington.edu,Male,195.254.200.127
509,Adolphus,Demangel,ademangele4@oakley.com,Male,19.173.25.4
510,Nert,Breakspear,nbreakspeare5@bloomberg.com,Female,120.118.78.248
511,Ynes,Bonniface,ybonnifacee6@wordpress.com,Female,160.176.205.204
512,Nadya,Longforth,nlongforthe7@chron.com,Agender,241.218.185.188
513,Kalvin,Stogill,kstogille8@163.com,Male,211.111.23.65
514,Evonne,McCandless,emccandlesse9@51.la,Female,229.20.212.11
515,Moyra,Gandrich,mgandrichea@de.vu,Female,73.94.61.228
516,Evin,Thomasson,ethomassoneb@examiner.com,Male,187.241.196.228
517,Benedetta,Diggons,bdiggonsec@deviantart.com,Female,101.8.93.224
518,Nobie,Borgnet,nborgneted@hp.com,Agender,108.179.77.113
519,Marion,Ianni,mianniee@home.pl,Female,195.134.151.14
520,Brigida,Wanless,bwanlessef@goo.gl,Female,237.255.114.177
521,Gladys,Spieck,gspieckeg@spiegel.de,Female,62.14.77.56
522,Randell,Wignall,rwignalleh@people.com.cn,Male,128.223.208.68
523,Loralee,Huie,lhuieei@delicious.com,Female,31.133.49.168
524,Dennis,Birkbeck,dbirkbeckej@simplemachines.org,Male,119.155.220.234
525,Colene,Orneles,cornelesek@cmu.edu,Female,221.191.233.32
526,Donovan,Wyleman,dwylemanel@amazonaws.com,Male,132.188.147.189
527,Constancia,Tille,ctilleem@mtv.com,Female,96.168.189.3
528,Hestia,Rens,hrensen@jigsy.com,Female,82.248.39.182
529,Manda,Carmen,mcarmeneo@ibm.com,Female,4.223.41.189
530,Marrissa,Moulsdale,mmoulsdaleep@geocities.jp,Female,86.225.149.186
531,Rowan,Tooting,rtootingeq@altervista.org,Male,143.16.9.152
532,Correy,Tressler,ctresslerer@chron.com,Male,190.128.28.215
533,Niccolo,Moulsdall,nmoulsdalles@paypal.com,Male,4.107.111.143
534,Tait,Phizackarley,tphizackarleyet@mozilla.org,Male,157.205.82.227
535,Mari,Kubal,mkubaleu@slate.com,Female,31.240.87.100
536,Shawna,Chadwell,schadwellev@wp.com,Female,230.229.196.248
537,Etty,Stibbs,estibbsew@army.mil,Female,71.1.157.223
538,Devland,Pury,dpuryex@amazon.co.uk,Male,11.250.74.14
539,Debi,Durtnell,ddurtnelley@ehow.com,Female,11.227.199.86
540,Lucy,Kose,lkoseez@utexas.edu,Female,158.71.89.4
541,Emylee,Goodswen,egoodswenf0@vinaora.com,Genderfluid,16.106.255.210
542,Olympe,Haughey,ohaugheyf1@icio.us,Female,251.233.187.154
543,Elisabetta,Cleve,eclevef2@nydailynews.com,Female,54.8.242.30
544,Fin,Ibbitt,fibbittf3@squidoo.com,Male,14.239.223.29
545,Aland,Skin,askinf4@nature.com,Male,153.229.44.225
546,Raimundo,Resdale,rresdalef5@europa.eu,Male,69.114.55.39
547,Lorine,O'Scully,loscullyf6@usatoday.com,Female,82.12.40.11
548,Lidia,Garside,lgarsidef7@imgur.com,Female,117.223.195.41
549,Ario,Corain,acorainf8@nps.gov,Genderqueer,180.144.51.44
550,Cassaundra,Fyfe,cfyfef9@flickr.com,Female,57.10.63.47
551,Karel,Carss,kcarssfa@fema.gov,Male,72.16.68.224
552,Agustin,Fellowes,afellowesfb@shop-pro.jp,Male,91.81.231.170
553,Karry,Stent,kstentfc@vimeo.com,Female,212.225.109.248
554,Dyanne,Santus,dsantusfd@biblegateway.com,Female,26.229.82.233
555,Brandi,Bramsen,bbramsenfe@baidu.com,Female,134.82.53.173
556,Shaun,O'Crevy,socrevyff@nydailynews.com,Male,203.197.210.100
557,Shamus,Filippazzo,sfilippazzofg@google.ru,Male,207.208.148.103
558,Walden,Gebbe,wgebbefh@virginia.edu,Male,72.40.94.136
559,Pepi,Serraillier,pserraillierfi@nifty.com,Female,187.123.48.31
560,Georgi,Geraghty,ggeraghtyfj@sun.com,Male,40.228.162.35
561,Fleming,Kingsly,fkingslyfk@exblog.jp,Male,220.220.214.56
562,Saul,McAlpine,smcalpinefl@gnu.org,Male,221.6.97.23
563,Lemmie,Vondrasek,lvondrasekfm@noaa.gov,Male,142.181.40.104
564,Bridgette,Lettuce,blettucefn@canalblog.com,Female,12.138.226.249
565,Wye,Perview,wperviewfo@quantcast.com,Male,112.22.0.136
566,Ulick,Riach,uriachfp@deliciousdays.com,Male,251.201.141.250
567,Gabie,Dellenbach,gdellenbachfq@bravesites.com,Male,47.240.171.224
568,Ethelred,Hardwell,ehardwellfr@cornell.edu,Male,128.112.85.250
569,Roddie,Palphreyman,rpalphreymanfs@uiuc.edu,Male,100.31.240.247
570,Morie,Rait,mraitft@hatena.ne.jp,Agender,149.180.250.208
571,Kara-lynn,Dyzart,kdyzartfu@baidu.com,Genderfluid,164.233.77.151
572,Kayne,Shallo,kshallofv@biblegateway.com,Male,189.132.184.195
573,Timmie,Moloney,tmoloneyfw@etsy.com,Female,61.113.4.100
574,Howey,Aylett,haylettfx@apache.org,Male,25.207.248.88
575,Andie,Tarquini,atarquinify@yolasite.com,Female,83.10.62.41
576,Ulrikaumeko,Prichet,uprichetfz@joomla.org,Female,230.85.254.96
577,Ebenezer,Swigger,eswiggerg0@g.co,Male,249.60.88.197
578,Horatio,Kells,hkellsg1@wikipedia.org,Male,223.49.4.253
579,Katheryn,Camplejohn,kcamplejohng2@dropbox.com,Polygender,5.216.208.30
580,Conrad,Hawksworth,chawksworthg3@opera.com,Male,241.153.56.81
581,Marcellus,Stollberger,mstollbergerg4@behance.net,Male,148.96.13.103
582,Elysee,Hauger,ehaugerg5@reverbnation.com,Female,245.44.127.243
583,Pammy,Maltby,pmaltbyg6@yellowpages.com,Female,235.17.40.154
584,Emelia,Arnald,earnaldg7@smh.com.au,Female,143.6.240.47
585,Saudra,Tregoning,stregoningg8@mayoclinic.com,Non-binary,180.162.49.39
586,Murry,Izac,mizacg9@geocities.com,Male,35.203.90.0
587,Benson,Aldridge,baldridgega@imdb.com,Male,187.90.193.154
588,Bebe,Pollitt,bpollittgb@geocities.jp,Female,212.158.96.164
589,Rufus,Baversor,rbaversorgc@alibaba.com,Male,140.119.204.138
590,Enos,Musto,emustogd@desdev.cn,Male,2.51.122.67
591,Allie,Titta,atittage@free.fr,Female,148.116.86.114
592,Amii,Girault,agiraultgf@psu.edu,Female,249.240.5.85
593,Sharyl,Brabyn,sbrabyngg@earthlink.net,Female,240.177.208.70
594,Cass,Carlill,ccarlillgh@nasa.gov,Male,133.162.3.251
595,Currie,Krier,ckriergi@princeton.edu,Male,17.126.194.0
596,Javier,Lowes,jlowesgj@blogs.com,Male,169.132.0.104
597,Bessy,Coughtrey,bcoughtreygk@cnn.com,Female,83.206.179.182
598,Holden,Monshall,hmonshallgl@ed.gov,Male,4.116.218.165
599,Hilde,Redemile,hredemilegm@odnoklassniki.ru,Female,120.20.31.94
600,Melessa,Jirus,mjirusgn@bloomberg.com,Female,241.225.220.96
601,Daloris,Gissop,dgissopgo@vistaprint.com,Female,65.146.91.117
602,Clementius,Flay,cflaygp@sfgate.com,Male,100.193.223.253
603,Ashla,Offell,aoffellgq@ask.com,Female,200.205.182.9
604,Dasie,Balazot,dbalazotgr@aboutads.info,Female,242.165.233.234
605,Ruddy,Lehmann,rlehmanngs@bloomberg.com,Polygender,139.138.57.48
606,Rora,Lightbown,rlightbowngt@tumblr.com,Female,60.211.164.102
607,Hayes,Noe,hnoegu@discovery.com,Male,14.241.4.202
608,Seana,Clements,sclementsgv@yale.edu,Female,252.232.108.213
609,Odilia,Milward,omilwardgw@alexa.com,Female,139.142.28.132
610,Vinnie,Mortlock,vmortlockgx@w3.org,Male,15.117.187.33
611,Georges,McKoy,gmckoygy@google.com.au,Male,180.56.151.228
612,Kat,Blake,kblakegz@spiegel.de,Female,151.30.220.233
613,Corrine,Dalla,cdallah0@deliciousdays.com,Female,44.74.199.229
614,Pen,Fitkin,pfitkinh1@tripadvisor.com,Male,153.34.153.74
615,Fonsie,Carrol,fcarrolh2@ft.com,Male,247.215.177.20
616,Shara,Brimmacombe,sbrimmacombeh3@creativecommons.org,Female,134.33.140.21
617,Natalee,Longworth,nlongworthh4@accuweather.com,Female,9.225.73.55
618,Lammond,Koppes,lkoppesh5@xinhuanet.com,Male,211.223.57.227
619,Annmarie,Casaroli,acasarolih6@fema.gov,Female,85.83.138.65
620,Donovan,Sargeant,dsargeanth7@ihg.com,Male,68.219.149.87
621,Kin,Reidshaw,kreidshawh8@disqus.com,Male,67.109.209.209
622,Brewster,Lensch,blenschh9@ucoz.com,Male,197.242.190.37
623,Clerc,Joy,cjoyha@dyndns.org,Male,211.172.68.206
624,Ozzie,Dyott,odyotthb@nasa.gov,Agender,2.3.50.41
625,Christean,Robiou,crobiouhc@irs.gov,Female,141.151.0.227
626,Kerrill,Risman,krismanhd@goodreads.com,Female,65.13.138.185
627,Philbert,Taillant,ptaillanthe@digg.com,Male,211.33.74.239
628,Foster,Foucard,ffoucardhf@creativecommons.org,Male,2.194.232.82
629,Felix,Allberry,fallberryhg@psu.edu,Male,99.45.31.213
630,Ber,Ticksall,bticksallhh@ow.ly,Male,28.181.15.105
631,Ambrosi,Georger,ageorgerhi@baidu.com,Male,125.37.27.95
632,Wilton,Swindells,wswindellshj@twitter.com,Male,135.104.87.70
633,Irvine,Bhatia,ibhatiahk@parallels.com,Male,126.12.102.196
634,Marcello,Franiak,mfraniakhl@rediff.com,Male,192.30.117.90
635,Phaidra,Eddow,peddowhm@purevolume.com,Female,119.21.111.61
636,Clevey,Abbs,cabbshn@hc360.com,Male,140.250.137.183
637,Kessia,Shortt,kshorttho@mac.com,Female,24.29.69.28
638,Kyla,Peterkin,kpeterkinhp@cbsnews.com,Female,122.166.160.205
639,Nicky,Quaintance,nquaintancehq@shareasale.com,Male,153.238.130.183
640,Fraser,Northway,fnorthwayhr@usa.gov,Male,151.245.11.67
641,Ruthann,Kerby,rkerbyhs@seesaa.net,Agender,43.36.126.103
642,Pavia,Stammers,pstammersht@blogger.com,Female,251.206.226.40
643,Dougy,Blakely,dblakelyhu@e-recht24.de,Male,199.171.249.13
644,Curcio,Gatheridge,cgatheridgehv@hc360.com,Male,245.250.47.78
645,Bard,Anthoney,banthoneyhw@vinaora.com,Male,166.100.165.227
646,Waneta,Manus,wmanushx@storify.com,Female,156.253.11.123
647,Gabrila,Rich,grichhy@privacy.gov.au,Female,212.1.187.54
648,Hillary,Goold,hgooldhz@themeforest.net,Male,43.242.33.251
649,Early,McQuin,emcquini0@dropbox.com,Male,246.184.48.83
650,Georgia,Anthoine,ganthoinei1@bloomberg.com,Female,113.94.219.217
651,Milka,Keetch,mkeetchi2@canalblog.com,Female,144.145.239.33
652,Decca,Moyser,dmoyseri3@nasa.gov,Male,197.45.72.196
653,Gayleen,Braniff,gbraniffi4@nps.gov,Genderqueer,38.48.211.188
654,Andras,Olexa,aolexai5@technorati.com,Male,162.122.55.196
655,Rowland,Kearney,rkearneyi6@prlog.org,Male,67.179.82.171
656,Lothario,Geeve,lgeevei7@trellian.com,Male,23.161.138.78
657,Rorie,Arni,rarnii8@who.int,Female,218.59.49.142
658,Frannie,Widdows,fwiddowsi9@wsj.com,Male,225.103.206.69
659,Rochelle,Cogar,rcogaria@netscape.com,Female,163.196.164.211
660,Carolin,Davydychev,cdavydychevib@sciencedirect.com,Female,137.79.234.196
661,Jenelle,McGawn,jmcgawnic@microsoft.com,Female,243.251.56.191
662,Willey,MacIlhagga,wmacilhaggaid@latimes.com,Male,23.127.217.23
663,Rog,Woodvine,rwoodvineie@latimes.com,Male,74.202.76.118
664,Daryl,Le Marchand,dlemarchandif@360.cn,Female,254.242.34.160
665,Bailie,Ruck,bruckig@ning.com,Male,86.255.89.12
666,Reagan,Gisbey,rgisbeyih@springer.com,Male,195.176.24.18
667,Alisun,Jeandet,ajeandetii@facebook.com,Female,234.79.143.100
668,Beatrix,Gibbetts,bgibbettsij@tripod.com,Female,212.105.69.37
669,Hinze,Tine,htineik@pcworld.com,Male,9.200.161.224
670,Candice,Krolik,ckrolikil@prlog.org,Bigender,183.172.142.205
671,Ailsun,Beazey,abeazeyim@reference.com,Female,140.42.111.155
672,Liane,Crickmer,lcrickmerin@1und1.de,Female,72.234.147.28
673,Verine,Rissom,vrissomio@hostgator.com,Female,100.81.111.36
674,Bryanty,Frankcom,bfrankcomip@oracle.com,Male,81.122.183.233
675,Sadie,Oakwood,soakwoodiq@google.com,Female,0.121.185.237
676,Zita,Antonias,zantoniasir@aol.com,Female,123.100.89.174
677,Buiron,Caunter,bcaunteris@statcounter.com,Male,229.1.155.19
678,Opalina,Hutchins,ohutchinsit@t-online.de,Female,72.54.241.1
679,Goldy,Arcase,garcaseiu@ovh.net,Female,110.214.6.73
680,Benita,Togher,btogheriv@indiatimes.com,Female,7.11.62.229
681,Salomo,Greeveson,sgreevesoniw@seesaa.net,Male,100.18.166.223
682,Cheslie,Brellin,cbrellinix@businessinsider.com,Female,67.170.227.166
683,Leyla,Siely,lsielyiy@chicagotribune.com,Female,120.102.230.203
684,Auria,Loren,aloreniz@unc.edu,Female,224.74.111.25
685,Eveline,MacAlester,emacalesterj0@newyorker.com,Female,246.236.121.51
686,Raquel,McGilbon,rmcgilbonj1@weebly.com,Female,42.176.75.46
687,Emmett,Dagless,edaglessj2@techcrunch.com,Male,23.104.134.50
688,Glyn,Taree,gtareej3@360.cn,Female,8.245.112.22
689,Guido,Klees,gkleesj4@salon.com,Male,0.108.203.199
690,Dollie,Corden,dcordenj5@patch.com,Female,216.105.52.246
691,Virginia,Aveline,vavelinej6@free.fr,Female,193.245.62.224
692,Alec,Harse,aharsej7@mac.com,Male,231.248.12.183
693,Myranda,Robeiro,mrobeiroj8@patch.com,Female,121.187.192.211
694,Bjorn,Tourmell,btourmellj9@clickbank.net,Male,213.152.4.74
695,Hugibert,Buglass,hbuglassja@elpais.com,Male,86.223.93.35
696,Andres,Spilsburie,aspilsburiejb@marriott.com,Male,221.229.177.183
697,Amanda,Stert,astertjc@goo.gl,Female,194.36.174.48
698,Karoly,Gull,kgulljd@i2i.jp,Male,19.171.14.226
699,Kaiser,Marcos,kmarcosje@cbsnews.com,Male,76.63.91.220
700,Chrisse,Gores,cgoresjf@vistaprint.com,Male,213.74.46.152
701,Carena,Dillway,cdillwayjg@goo.ne.jp,Female,0.197.4.65
702,Lotte,Swanton,lswantonjh@dropbox.com,Female,210.69.44.3
703,Cary,Jako,cjakoji@bravesites.com,Female,250.149.147.106
704,Hanna,Feldon,hfeldonjj@ezinearticles.com,Female,206.155.52.238
705,Ilaire,Beattie,ibeattiejk@nydailynews.com,Male,131.145.51.132
706,Wendy,Basley,wbasleyjl@pagesperso-orange.fr,Female,182.123.236.52
707,Henrik,Galey,hgaleyjm@hibu.com,Male,166.4.17.183
708,Roderic,Laxston,rlaxstonjn@comsenz.com,Male,131.138.151.221
709,Griffy,McAirt,gmcairtjo@github.io,Male,134.6.200.122
710,Wendie,Alyokhin,walyokhinjp@intel.com,Female,190.215.125.7
711,Melissa,Birkenhead,mbirkenheadjq@diigo.com,Female,68.100.139.35
712,Renell,Mellish,rmellishjr@java.com,Female,238.138.239.104
713,Wang,Queste,wquestejs@zimbio.com,Male,8.3.19.187
714,Herminia,McCrossan,hmccrossanjt@gizmodo.com,Female,252.123.102.44
715,Kial,Evason,kevasonju@imageshack.us,Female,121.112.228.56
716,Kimball,McNevin,kmcnevinjv@ucoz.ru,Male,117.74.112.89
717,Ely,Combe,ecombejw@smh.com.au,Male,77.60.228.128
718,Codie,Jantzen,cjantzenjx@wikipedia.org,Male,225.62.46.57
719,Pru,Durak,pdurakjy@sakura.ne.jp,Female,151.125.246.19
720,Westley,Rulten,wrultenjz@diigo.com,Male,25.251.185.166
721,Archy,Pitts,apittsk0@jalbum.net,Male,70.74.214.127
722,Stephani,Belleny,sbellenyk1@hibu.com,Female,40.251.217.224
723,Querida,Murrow,qmurrowk2@free.fr,Non-binary,71.184.107.194
724,Eryn,Caren,ecarenk3@livejournal.com,Female,122.218.228.37
725,Nadiya,Gilmore,ngilmorek4@ovh.net,Female,218.99.1.224
726,Louis,MacKartan,lmackartank5@umich.edu,Agender,213.17.137.181
727,Cortie,Taffs,ctaffsk6@tinypic.com,Male,87.38.229.89
728,Dedie,Cawston,dcawstonk7@t.co,Female,212.154.129.143
729,Teena,Turl,tturlk8@hexun.com,Female,25.211.75.134
730,Audry,Mussard,amussardk9@quantcast.com,Polygender,166.205.10.32
731,Shela,Clemonts,sclemontska@sohu.com,Female,194.89.134.67
732,Chloe,Giggs,cgiggskb@mlb.com,Female,169.175.215.18
733,Daile,McLernon,dmclernonkc@blog.com,Female,213.45.229.51
734,Astrid,Yoodall,ayoodallkd@weibo.com,Female,21.209.110.12
735,Beverlie,Wadesworth,bwadesworthke@studiopress.com,Genderfluid,250.211.19.162
736,Elsinore,Prickett,eprickettkf@constantcontact.com,Bigender,219.32.41.177
737,Travers,Egle of Germany,tegleofgermanykg@purevolume.com,Male,109.167.167.255
738,Isidore,Frankling,ifranklingkh@canalblog.com,Male,111.6.226.143
739,Charlotta,Stammler,cstammlerki@loc.gov,Female,150.236.200.85
740,Morgana,Bagnell,mbagnellkj@bizjournals.com,Female,100.22.164.91
741,Albert,Rablin,arablinkk@mit.edu,Male,225.111.99.86
742,Benny,Swidenbank,bswidenbankkl@scribd.com,Female,41.231.47.243
743,Ardene,Matthewson,amatthewsonkm@globo.com,Female,17.174.247.206
744,Drusie,Rushby,drushbykn@cmu.edu,Female,242.51.37.41
745,Darlleen,Kinforth,dkinforthko@desdev.cn,Agender,242.225.105.130
746,Cornall,Kidby,ckidbykp@ehow.com,Male,56.80.51.43
747,Rolland,Ervine,rervinekq@irs.gov,Male,101.197.171.87
748,Meghan,Shreeves,mshreeveskr@ocn.ne.jp,Female,77.98.108.143
749,Stavros,Celle,scelleks@nih.gov,Male,122.253.55.26
750,Pierrette,Goldsbury,pgoldsburykt@vimeo.com,Female,249.45.5.206
751,Magdaia,Von Der Empten,mvonderemptenku@cyberchimps.com,Female,78.131.154.245
752,Jade,Schollick,jschollickkv@pen.io,Female,19.33.222.96
753,Georgena,Crimp,gcrimpkw@house.gov,Female,246.105.83.146
754,Allegra,Abel,aabelkx@canalblog.com,Female,235.142.122.246
755,Kendre,MacAskie,kmacaskieky@weather.com,Female,184.73.9.90
756,Alaine,Akitt,aakittkz@histats.com,Female,248.71.243.150
757,Mendy,Gockeler,mgockelerl0@printfriendly.com,Male,73.190.204.5
758,Horten,Meece,hmeecel1@tiny.cc,Male,194.16.193.119
759,Natala,Foulds,nfouldsl2@yelp.com,Female,107.136.30.182
760,Emmett,Streat,estreatl3@sohu.com,Male,139.56.163.153
761,Bebe,Matyugin,bmatyuginl4@bigcartel.com,Female,175.109.47.236
762,Mohandis,Clarey,mclareyl5@dyndns.org,Male,1.61.218.225
763,Faydra,Southerill,fsoutherilll6@techcrunch.com,Bigender,68.157.189.216
764,Esme,Catherine,ecatherinel7@google.com.hk,Female,166.64.144.65
765,Harold,Tows,htowsl8@tiny.cc,Male,194.82.60.205
766,Yorgo,Jacobowits,yjacobowitsl9@samsung.com,Male,172.13.49.168
767,Kellina,Kern,kkernla@squarespace.com,Female,135.29.37.85
768,Alanson,Gorler,agorlerlb@dedecms.com,Male,210.123.173.88
769,Kimberlyn,Lippi,klippilc@uiuc.edu,Female,79.148.57.78
770,Robenia,Naughton,rnaughtonld@fotki.com,Female,139.135.1.75
771,Sully,Munt,smuntle@springer.com,Male,134.236.21.63
772,Franciska,Sevitt,fsevittlf@eventbrite.com,Female,124.234.122.116
773,Mariejeanne,Strahan,mstrahanlg@devhub.com,Female,75.173.23.113
774,Josias,Catterick,jcattericklh@skype.com,Male,135.146.88.118
775,Bathsheba,Baverstock,bbaverstockli@squidoo.com,Female,241.33.203.187
776,Druci,Smaleman,dsmalemanlj@nasa.gov,Female,14.137.215.253
777,Anneliese,Bywater,abywaterlk@is.gd,Female,136.184.126.170
778,Jobye,Charlwood,jcharlwoodll@so-net.ne.jp,Female,217.42.202.82
779,Maurita,Fulks,mfulkslm@sitemeter.com,Bigender,10.254.111.185
780,Kendell,Biaggi,kbiaggiln@liveinternet.ru,Male,21.184.19.47
781,Kennie,Walby,kwalbylo@howstuffworks.com,Male,163.107.249.164
782,Tandy,Kahen,tkahenlp@sourceforge.net,Female,221.18.25.160
783,Delainey,Borthe,dborthelq@house.gov,Male,130.25.163.93
784,Adriaens,Le Strange,alestrangelr@flickr.com,Female,118.231.129.242
785,Loreen,McEvoy,lmcevoyls@ezinearticles.com,Female,38.43.184.44
786,Clarine,Mathwin,cmathwinlt@msn.com,Female,182.251.227.63
787,Beverley,Kibard,bkibardlu@loc.gov,Agender,235.130.96.40
788,Joya,Skep,jskeplv@hibu.com,Female,190.125.161.218
789,Florinda,Emmison,femmisonlw@latimes.com,Female,15.108.204.196
790,Dasya,Moubray,dmoubraylx@dedecms.com,Female,248.70.202.97
791,Hermy,Christer,hchristerly@typepad.com,Male,59.189.44.88
792,Tamera,McGurgan,tmcgurganlz@dyndns.org,Agender,52.0.19.31
793,Gerhard,Ragles,graglesm0@studiopress.com,Male,113.190.157.234
794,Lynett,Waghorn,lwaghornm1@army.mil,Female,223.79.90.62
795,Ebony,Stayte,estaytem2@discovery.com,Female,186.8.220.11
796,Candida,Bowness,cbownessm3@dell.com,Genderfluid,185.27.54.89
797,Brent,Cregg,bcreggm4@netscape.com,Male,9.238.85.72
798,Baird,Abrahami,babrahamim5@scientificamerican.com,Male,141.244.207.60
799,Jared,Brunker,jbrunkerm6@ovh.net,Male,175.131.208.176
800,Nerissa,Rowthorn,nrowthornm7@goodreads.com,Female,49.58.147.15
801,Cullen,Aspinal,caspinalm8@mapquest.com,Male,220.151.137.125
802,Frannie,Wallentin,fwallentinm9@un.org,Female,170.121.173.121
803,Hernando,Cordero,hcorderoma@wired.com,Male,47.17.159.50
804,Jodie,Brownrigg,jbrownriggmb@npr.org,Male,99.111.81.37
805,Edgard,La Rosa,elarosamc@qq.com,Male,190.30.74.65
806,Haroun,Starling,hstarlingmd@msu.edu,Non-binary,26.40.254.204
807,Kain,Bicksteth,kbickstethme@ox.ac.uk,Male,234.181.38.254
808,Hadria,Straneo,hstraneomf@discovery.com,Genderqueer,63.64.93.245
809,Katrina,Knagges,kknaggesmg@usnews.com,Female,91.86.131.254
810,Beatrisa,Graveson,bgravesonmh@deliciousdays.com,Female,139.186.77.154
811,Hazel,O'Shirine,hoshirinemi@nps.gov,Male,220.239.163.174
812,Antonius,Oxterby,aoxterbymj@cdbaby.com,Male,206.167.54.125
813,Scottie,Dineen,sdineenmk@storify.com,Male,111.165.84.56
814,Martyn,Loutheane,mloutheaneml@china.com.cn,Male,38.73.218.34
815,Claudie,Klima,cklimamm@nbcnews.com,Female,173.203.15.9
816,Lalo,Deegan,ldeeganmn@simplemachines.org,Male,8.8.216.36
817,Gaelan,Pohling,gpohlingmo@home.pl,Male,52.58.177.131
818,Myrilla,Thay,mthaymp@tamu.edu,Female,57.128.70.116
819,Caesar,Laughren,claughrenmq@cargocollective.com,Male,62.14.241.211
820,Preston,Risbridge,prisbridgemr@cnet.com,Male,102.148.206.163
821,Valeda,Jaegar,vjaegarms@desdev.cn,Female,8.229.5.218
822,Nola,D'orsay,ndorsaymt@t.co,Female,147.44.52.163
823,Sheff,Buscher,sbuschermu@yellowpages.com,Male,11.157.246.209
824,Lethia,Clines,lclinesmv@imageshack.us,Female,122.248.222.30
825,Chanda,Paudin,cpaudinmw@homestead.com,Female,240.194.112.0
826,Sherill,Arkcoll,sarkcollmx@jigsy.com,Female,44.13.141.73
827,Ellwood,Hagan,ehaganmy@pcworld.com,Male,25.67.238.206
828,Justus,Nitto,jnittomz@cbslocal.com,Male,61.158.201.89
829,Fergus,Denzilow,fdenzilown0@smugmug.com,Male,186.140.33.11
830,Cos,Stott,cstottn1@ox.ac.uk,Male,159.19.216.175
831,Mannie,Dando,mdandon2@discuz.net,Male,104.59.76.245
832,Wood,Skey,wskeyn3@hubpages.com,Male,123.95.68.242
833,Ashia,Broadway,abroadwayn4@bravesites.com,Female,164.33.238.202
834,Stephi,Beynkn,sbeynknn5@smugmug.com,Agender,168.75.164.172
835,Alair,Teese,ateesen6@theguardian.com,Male,53.49.103.130
836,Marietta,Dawid,mdawidn7@vistaprint.com,Male,143.79.86.220
837,Rollin,Tabner,rtabnern8@mozilla.com,Male,204.179.161.64
838,Tandy,Lowndesbrough,tlowndesbroughn9@liveinternet.ru,Female,109.73.241.105
839,Ivan,Leuchars,ileucharsna@symantec.com,Male,178.210.187.197
840,Kippy,Giovannilli,kgiovannillinb@weibo.com,Male,16.0.193.27
841,Art,Spurrett,aspurrettnc@cbslocal.com,Male,115.74.179.211
842,Jerad,Croson,jcrosonnd@dell.com,Male,153.53.80.216
843,Deb,Josiah,djosiahne@tmall.com,Female,238.186.147.107
844,Gussi,Bantham,gbanthamnf@globo.com,Female,13.151.169.16
845,Robers,Inett,rinettng@edublogs.org,Male,131.143.211.160
846,Otto,Dansken,odanskennh@time.com,Male,91.213.140.11
847,Adair,Gillian,agillianni@java.com,Polygender,2.189.75.11
848,Ringo,O'Fihily,rofihilynj@ihg.com,Male,85.213.211.70
849,Theo,Burbudge,tburbudgenk@google.pl,Female,230.155.250.10
850,Vasily,Franken,vfrankennl@jalbum.net,Male,109.234.232.246
851,Myrwyn,Barrett,mbarrettnm@cyberchimps.com,Male,157.0.212.137
852,Kris,Jakab,kjakabnn@ifeng.com,Female,46.59.12.179
853,Lance,Border,lborderno@macromedia.com,Male,11.230.224.248
854,Derrik,Chaloner,dchalonernp@qq.com,Male,157.92.44.140
855,Dorris,Jemison,djemisonnq@nba.com,Female,175.85.26.54
856,Orland,Ramiro,oramironr@reddit.com,Male,181.196.8.24
857,Nanette,Rawstorn,nrawstornns@youtu.be,Female,139.40.134.208
858,Melosa,Grass,mgrassnt@umn.edu,Female,152.77.247.62
859,Taylor,Knox,tknoxnu@globo.com,Male,254.94.107.143
860,Jaimie,Howford,jhowfordnv@go.com,Female,21.114.79.197
861,Tom,Dare,tdarenw@ezinearticles.com,Male,30.244.231.141
862,Zedekiah,Moreside,zmoresidenx@sogou.com,Male,89.249.177.172
863,Maiga,Rugge,mruggeny@slate.com,Female,167.154.146.131
864,Stanly,MacDougall,smacdougallnz@yolasite.com,Male,119.238.51.72
865,Carmelle,Paskin,cpaskino0@mayoclinic.com,Female,197.94.247.168
866,Nell,Rickman,nrickmano1@usa.gov,Female,116.165.178.155
867,Lora,Jori,ljorio2@salon.com,Agender,138.133.107.203
868,Ruperta,Izakof,rizakofo3@ca.gov,Female,56.159.9.208
869,Thorpe,Storrah,tstorraho4@theatlantic.com,Male,209.10.142.114
870,Lynnette,McGahern,lmcgaherno5@loc.gov,Female,183.95.194.206
871,Darius,Boeter,dboetero6@unesco.org,Male,53.182.214.38
872,Reidar,Daenen,rdaeneno7@xing.com,Agender,22.135.169.222
873,Elisha,Rabley,erableyo8@bloglines.com,Male,153.215.198.82
874,Clayton,Joderli,cjoderlio9@quantcast.com,Male,163.241.148.205
875,Powell,Dymott,pdymottoa@google.nl,Genderfluid,89.129.46.151
876,Christina,Moyce,cmoyceob@tripod.com,Female,196.171.208.206
877,Tadeo,Sanz,tsanzoc@a8.net,Non-binary,14.82.155.168
878,Bartolemo,Levesque,blevesqueod@wix.com,Male,37.12.88.65
879,Mildred,Ashdown,mashdownoe@amazon.co.jp,Female,219.49.245.118
880,Laryssa,Cartmell,lcartmellof@thetimes.co.uk,Genderfluid,5.159.38.125
881,Ethelind,Aleksidze,ealeksidzeog@t.co,Female,113.117.10.211
882,Ianthe,Malacrida,imalacridaoh@sitemeter.com,Female,227.13.178.64
883,Franky,Diggle,fdiggleoi@hibu.com,Male,152.22.241.205
884,Cori,Mattek,cmattekoj@nytimes.com,Female,114.91.104.30
885,Babita,Garfoot,bgarfootok@cocolog-nifty.com,Female,251.132.100.249
886,Melania,Vasyukov,mvasyukovol@ovh.net,Female,187.94.70.58
887,Doyle,Iacofo,diacofoom@goodreads.com,Male,113.144.0.11
888,Willey,Goundrill,wgoundrillon@nps.gov,Male,96.190.35.35
889,Rufe,Dadley,rdadleyoo@jalbum.net,Male,139.85.183.222
890,Elvin,Hinrich,ehinrichop@bandcamp.com,Male,107.61.94.40
891,Ruby,Devonald,rdevonaldoq@blogger.com,Female,54.221.160.24
892,Opal,Shale,oshaleor@vinaora.com,Female,235.122.127.27
893,Kimble,Goatman,kgoatmanos@census.gov,Male,133.130.164.72
894,Vannie,Basley,vbasleyot@ibm.com,Female,43.151.246.217
895,Blondell,Dallison,bdallisonou@infoseek.co.jp,Polygender,198.62.251.86
896,Gnni,Delgua,gdelguaov@dagondesign.com,Female,211.148.30.203
897,Haley,Pitkaithly,hpitkaithlyow@census.gov,Female,185.39.36.187
898,Wood,Slater,wslaterox@slashdot.org,Male,78.10.56.218
899,Randi,Mease,rmeaseoy@bloglovin.com,Male,191.217.174.78
900,Dominik,Lechelle,dlechelleoz@com.com,Male,20.207.35.81
901,Aundrea,Boldt,aboldtp0@yolasite.com,Female,254.207.65.186
902,Fredia,Newlands,fnewlandsp1@wikimedia.org,Female,150.245.23.149
903,Trever,Haywood,thaywoodp2@soundcloud.com,Male,77.42.92.246
904,Harmon,Crosi,hcrosip3@discuz.net,Male,105.116.111.35
905,Sadella,Campey,scampeyp4@com.com,Female,15.18.250.55
906,Trixy,Easey,teaseyp5@163.com,Female,17.37.36.46
907,Irene,Nand,inandp6@lycos.com,Genderqueer,83.231.188.132
908,Jillian,McIlmorie,jmcilmoriep7@zdnet.com,Female,138.239.169.253
909,Kattie,Blackey,kblackeyp8@pagesperso-orange.fr,Female,197.77.149.212
910,Tabbatha,Crop,tcropp9@sfgate.com,Genderfluid,224.151.224.247
911,Ellary,Willgress,ewillgresspa@free.fr,Male,74.29.139.186
912,Beverly,Layland,blaylandpb@biglobe.ne.jp,Female,82.160.184.238
913,Taylor,Bruster,tbrusterpc@github.io,Male,61.30.49.24
914,Conrad,Veevers,cveeverspd@gov.uk,Male,102.72.250.189
915,Emlen,Ashborn,eashbornpe@hubpages.com,Polygender,37.179.144.4
916,Taite,Dimmer,tdimmerpf@go.com,Male,167.69.52.124
917,Desirae,Bobasch,dbobaschpg@seattletimes.com,Female,153.194.13.187
918,Berny,Babar,bbabarph@about.com,Female,234.28.59.190
919,Dino,Meale,dmealepi@goo.ne.jp,Male,220.188.7.200
920,Fairlie,Attrie,fattriepj@wikispaces.com,Male,113.237.9.64
921,Evaleen,Ferrar,eferrarpk@ehow.com,Female,180.233.135.69
922,Susy,Kleiser,skleiserpl@tuttocitta.it,Female,175.49.121.3
923,Neile,Penrice,npenricepm@samsung.com,Female,65.181.39.75
924,Valeda,Mackneis,vmackneispn@sogou.com,Female,152.165.87.42
925,Gwennie,Ramberg,grambergpo@w3.org,Non-binary,251.78.62.113
926,Cyndie,Burmaster,cburmasterpp@merriam-webster.com,Female,145.120.125.0
927,Brockie,Kernaghan,bkernaghanpq@domainmarket.com,Male,40.9.248.76
928,Effie,Sexstone,esexstonepr@bloomberg.com,Female,33.131.47.146
929,Roxy,Targe,rtargeps@free.fr,Female,87.238.246.23
930,Dieter,Side,dsidept@theatlantic.com,Agender,19.20.121.3
931,Pris,Gallie,pgalliepu@smugmug.com,Female,145.1.71.33
932,Carce,Merring,cmerringpv@wisc.edu,Male,234.5.49.116
933,Anissa,Pedrocchi,apedrocchipw@boston.com,Female,146.100.13.96
934,Ninnette,Leonardi,nleonardipx@wisc.edu,Female,133.205.32.241
935,Salvidor,Gaunter,sgaunterpy@e-recht24.de,Male,22.166.168.158
936,Dolph,Myton,dmytonpz@wikispaces.com,Male,174.6.119.236
937,Richy,Hawkswood,rhawkswoodq0@wisc.edu,Male,255.11.110.38
938,Catie,Cholmondeley,ccholmondeleyq1@rakuten.co.jp,Female,117.203.92.122
939,Lauren,Ciciotti,lciciottiq2@bbc.co.uk,Female,36.175.173.166
940,Wayland,Spurriar,wspurriarq3@xing.com,Male,99.183.77.227
941,Chic,Crayk,ccraykq4@fotki.com,Genderqueer,252.71.115.176
942,Bethena,Barkus,bbarkusq5@ovh.net,Female,190.30.110.155
943,Sayer,Venning,svenningq6@washingtonpost.com,Male,133.45.209.85
944,Camella,Piller,cpillerq7@slideshare.net,Female,60.31.73.67
945,Yalonda,Mannion,ymannionq8@google.nl,Female,162.141.54.38
946,Analise,Kaley,akaleyq9@a8.net,Female,68.47.167.52
947,Gilbertina,Bastistini,gbastistiniqa@ning.com,Female,161.27.170.220
948,Christos,Passion,cpassionqb@mozilla.org,Male,56.226.54.162
949,Otho,Montford,omontfordqc@instagram.com,Male,171.255.2.154
950,Lorinda,Jacqueme,ljacquemeqd@list-manage.com,Female,79.169.208.36
951,Mable,Kovelmann,mkovelmannqe@businessweek.com,Bigender,115.202.251.48
952,Bartholemy,Ivanusyev,bivanusyevqf@va.gov,Male,156.53.23.186
953,Erhart,Hudel,ehudelqg@howstuffworks.com,Male,181.6.57.254
954,Hillary,Keefe,hkeefeqh@craigslist.org,Male,37.145.38.93
955,Swen,Schimann,sschimannqi@tripadvisor.com,Male,195.50.48.80
956,Krystyna,Hinnerk,khinnerkqj@pcworld.com,Non-binary,100.78.31.34
957,Cristian,Epsley,cepsleyqk@nytimes.com,Male,27.93.37.15
958,Welbie,Kagan,wkaganql@multiply.com,Male,43.130.14.2
959,Catarina,Panswick,cpanswickqm@google.es,Female,71.195.23.88
960,Rustin,Perigoe,rperigoeqn@zimbio.com,Male,243.8.64.206
961,Panchito,Rubinlicht,prubinlichtqo@theglobeandmail.com,Male,105.249.83.188
962,Robinette,Pummell,rpummellqp@ted.com,Female,5.155.252.113
963,Ephraim,Oxenford,eoxenfordqq@flickr.com,Male,99.85.58.119
964,Rosemarie,Dorot,rdorotqr@hp.com,Female,141.198.50.151
965,Darin,Closs,dclossqs@a8.net,Male,60.77.145.6
966,Tommi,Crawshay,tcrawshayqt@cargocollective.com,Female,67.72.174.60
967,Felicio,Ethridge,fethridgequ@fda.gov,Agender,226.88.121.186
968,Annmarie,Gardiner,agardinerqv@usnews.com,Bigender,156.169.165.205
969,Morgan,Decourt,mdecourtqw@gov.uk,Male,55.108.32.123
970,Fraze,Loyd,floydqx@accuweather.com,Male,244.83.73.5
971,Marnie,Puckring,mpuckringqy@digg.com,Female,2.111.177.88
972,Lynea,Robinet,lrobinetqz@constantcontact.com,Female,47.45.194.175
973,Guglielma,Swafford,gswaffordr0@clickbank.net,Female,192.209.131.98
974,Hillary,Geeves,hgeevesr1@aboutads.info,Male,101.26.69.237
975,Horacio,De Ambrosi,hdeambrosir2@whitehouse.gov,Male,101.36.241.244
976,Marco,Climar,mclimarr3@sakura.ne.jp,Polygender,227.9.178.114
977,Cyrillus,Trewartha,ctrewarthar4@mozilla.org,Male,99.22.51.184
978,Amye,Greson,agresonr5@wufoo.com,Female,254.180.162.68
979,Geordie,Newns,gnewnsr6@indiatimes.com,Male,195.78.38.212
980,Morton,d' Elboux,mdelbouxr7@newyorker.com,Male,79.31.122.231
981,Amberly,Haskur,ahaskurr8@geocities.com,Female,244.68.203.241
982,Ernest,Ackwood,eackwoodr9@etsy.com,Male,135.158.194.163
983,Melinda,Overstall,moverstallra@behance.net,Non-binary,162.94.57.183
984,Nani,Flisher,nflisherrb@e-recht24.de,Female,55.68.197.30
985,Sigismundo,Sturdgess,ssturdgessrc@xrea.com,Male,173.214.205.179
986,Bobbie,Waslin,bwaslinrd@tripod.com,Female,205.232.128.89
987,Chen,Astman,castmanre@upenn.edu,Male,142.181.129.84
988,Dennet,Radley,dradleyrf@artisteer.com,Male,173.4.247.38
989,Robinet,Lavalde,rlavalderg@seesaa.net,Male,2.79.241.232
990,Helene,Thaxton,hthaxtonrh@pbs.org,Bigender,8.99.63.195
991,Susann,Wetherhead,swetherheadri@blogtalkradio.com,Bigender,175.36.237.232
992,Staci,Daout,sdaoutrj@seesaa.net,Female,0.51.93.179
993,Base,Duncan,bduncanrk@cargocollective.com,Male,210.116.228.242
994,Hilary,McMurty,hmcmurtyrl@sohu.com,Male,59.202.64.166
995,Rhodie,Rodenburg,rrodenburgrm@pen.io,Non-binary,223.153.199.130
996,Zebedee,Crat,zcratrn@bluehost.com,Male,7.81.43.209
997,Alejoa,Lamden,alamdenro@wp.com,Male,145.61.66.255
998,Simmonds,Lenox,slenoxrp@pcworld.com,Agender,82.182.11.157
999,Chick,Piele,cpielerq@github.com,Male,110.223.96.240
1000,Dorella,Ruckhard,druckhardrr@constantcontact.com,Female,230.42.225.132
